{"title_page": "Waddon, John", "text_new": "#redirect[[John Waddon]]\n{{Redirect shell |\n  {{R from ambiguous sort name|W|J}}\n}}\n", "text_old": "#redirect[[John Waddon]]\n{{Redirect shell |\n  {{R from sort name|W|J}}\n}}\n", "name_user": "BD2412", "label": "safe", "comment": "\u2192\u200etop:Ambiguous., replaced: from sort \u2192 from ambiguous sort", "url_page": "//en.wikipedia.org/w/index.php?title=Waddon,_John&redirect=no"}
{"title_page": "Waddington, John", "text_new": "#redirect[[John Waddington]]\n{{Redirect shell |\n  {{R from ambiguous sort name|W|J}}\n}}\n", "text_old": "#redirect[[John Waddington]]\n{{Redirect shell |\n  {{R from sort name|W|J}}\n}}\n", "name_user": "BD2412", "label": "safe", "comment": "\u2192\u200etop:Ambiguous., replaced: from sort \u2192 from ambiguous sort", "url_page": "//en.wikipedia.org/w/index.php?title=Waddington,_John&redirect=no"}
{"title_page": "Voss, John", "text_new": "#redirect[[John Voss]]\n{{Redirect shell |\n  {{R from ambiguous sort name|V|J}}\n}}\n", "text_old": "#redirect[[John Voss]]\n{{Redirect shell |\n  {{R from sort name|V|J}}\n}}\n", "name_user": "BD2412", "label": "safe", "comment": "\u2192\u200etop:Ambiguous., replaced: from sort \u2192 from ambiguous sort", "url_page": "//en.wikipedia.org/w/index.php?title=Voss,_John&redirect=no"}
{"title_page": "Vivian, John", "text_new": "#redirect[[John Vivian]]\n{{Redirect shell |\n  {{R from ambiguous sort name|V|J}}\n}}\n", "text_old": "#redirect[[John Vivian]]\n{{Redirect shell |\n  {{R from sort name|V|J}}\n}}\n", "name_user": "BD2412", "label": "safe", "comment": "\u2192\u200etop:Ambiguous., replaced: from sort \u2192 from ambiguous sort", "url_page": "//en.wikipedia.org/w/index.php?title=Vivian,_John&redirect=no"}
